Time (s),Front (cm),Left (cm),Right (cm),Yaw (deg),State,Turns,Laps,Servo Angle,Speed,Turning,Direction,SPEED_CRUISE,SPEED_TURN,TURN_ANGLE_LEFT,TURN_ANGLE_RIGHT,SOFT_MARGIN,MAX_CORRECTION,STOP_THRESHOLD,FRONT_TURN_TRIGGER,TURN_DECISION_THRESHOLD,TURN_TIMEOUT,MAX_TURN_ANGLE,POST_TURN_DURATION,TURN_LOCKOUT,N_READINGS,MAX_LAPS
3.11,131.99,43.94,37.56,-5.96,"Ready (readings started, loop not started)",0,0,0,20,NO,,20,20,60,120,30,8,20,95,150,3.5,105,0.2,1.5,10,0
3.15,131.08,43.95,37.34,-6.46,"Ready (readings started, loop not started)",0,0,0,20,NO,,20,20,60,120,30,8,20,95,150,3.5,105,0.2,1.5,10,0
3.18,130.27,44.25,37.34,-6.73,"Ready (readings started, loop not started)",0,0,0,20,NO,,20,20,60,120,30,8,20,95,150,3.5,105,0.2,1.5,10,0
3.21,129.32,44.34,37.34,-6.9,"Ready (readings started, loop not started)",0,0,0,20,NO,,20,20,60,120,30,8,20,95,150,3.5,105,0.2,1.5,10,0
3.26,128.22,44.74,37.33,-6.84,"Ready (readings started, loop not started)",0,0,0,20,NO,,20,20,60,120,30,8,20,95,150,3.5,105,0.2,1.5,10,0
3.29,127.15,45.05,37.33,-6.8,"Ready (readings started, loop not started)",0,0,0,20,NO,,20,20,60,120,30,8,20,95,150,3.5,105,0.2,1.5,10,0
3.32,127.15,45.54,37.33,-6.58,"Ready (readings started, loop not started)",0,0,0,20,NO,,20,20,60,120,30,8,20,95,150,3.5,105,0.2,1.5,10,0
3.36,126.09,45.94,37.23,-6.53,"Ready (readings started, loop not started)",0,0,0,20,NO,,20,20,60,120,30,8,20,95,150,3.5,105,0.2,1.5,10,0
3.39,125.02,46.05,37.11,-6.71,"Ready (readings started, loop not started)",0,0,0,20,NO,,20,20,60,120,30,8,20,95,150,3.5,105,0.2,1.5,10,0
3.42,123.72,46.25,37.11,-6.76,"Ready (readings started, loop not started)",0,0,0,20,NO,,20,20,60,120,30,8,20,95,150,3.5,105,0.2,1.5,10,0
3.46,122.35,46.15,37.11,-6.75,"Ready (readings started, loop not started)",0,0,0,20,NO,,20,20,60,120,30,8,20,95,150,3.5,105,0.2,1.5,10,0
3.5,120.15,46.55,37.23,-6.47,"Ready (readings started, loop not started)",0,0,0,20,NO,,20,20,60,120,30,8,20,95,150,3.5,105,0.2,1.5,10,0
3.53,118.13,46.15,37.1,-6.16,"Ready (readings started, loop not started)",0,0,0,20,NO,,20,20,60,120,30,8,20,95,150,3.5,105,0.2,1.5,10,0
3.55,117.05,46.25,37.0,-5.77,"Ready (readings started, loop not started)",0,0,0,20,NO,,20,20,60,120,30,8,20,95,150,3.5,105,0.2,1.5,10,0
3.58,115.57,46.25,36.89,-5.3,"Ready (readings started, loop not started)",0,0,0,20,NO,,20,20,60,120,30,8,20,95,150,3.5,105,0.2,1.5,10,0
3.61,113.86,46.06,36.89,-4.77,"Ready (readings started, loop not started)",0,0,0,20,NO,,20,20,60,120,30,8,20,95,150,3.5,105,0.2,1.5,10,0
3.65,112.3,46.24,36.77,-3.8,"Ready (readings started, loop not started)",0,0,0,20,NO,,20,20,60,120,30,8,20,95,150,3.5,105,0.2,1.5,10,0
3.69,110.97,46.06,36.54,-2.83,"Ready (readings started, loop not started)",0,0,0,20,NO,,20,20,60,120,30,8,20,95,150,3.5,105,0.2,1.5,10,0
3.72,110.97,45.86,36.42,-2.18,"Ready (readings started, loop not started)",0,0,0,20,NO,,20,20,60,120,30,8,20,95,150,3.5,105,0.2,1.5,10,0
3.76,109.67,45.86,36.54,-1.48,"Ready (readings started, loop not started)",0,0,0,20,NO,,20,20,60,120,30,8,20,95,150,3.5,105,0.2,1.5,10,0
3.79,108.36,45.96,36.41,-0.15,"Ready (readings started, loop not started)",0,0,0,20,NO,,20,20,60,120,30,8,20,95,150,3.5,105,0.2,1.5,10,0
3.83,106.61,45.96,36.41,1.93,"Ready (readings started, loop not started)",0,0,0,20,NO,,20,20,60,120,30,8,20,95,150,3.5,105,0.2,1.5,10,0
3.87,104.59,46.06,36.3,4.39,"Ready (readings started, loop not started)",0,0,0,20,NO,,20,20,60,120,30,8,20,95,150,3.5,105,0.2,1.5,10,0
3.9,101.64,46.14,36.3,5.97,"Ready (readings started, loop not started)",0,0,0,20,NO,,20,20,60,120,30,8,20,95,150,3.5,105,0.2,1.5,10,0
3.94,98.95,46.14,36.3,7.75,"Ready (readings started, loop not started)",0,0,0,20,NO,,20,20,60,120,30,8,20,95,150,3.5,105,0.2,1.5,10,0
3.97,97.37,46.34,36.3,9.09,"Ready (readings started, loop not started)",0,0,0,20,NO,,20,20,60,120,30,8,20,95,150,3.5,105,0.2,1.5,10,0
4.0,95.53,46.44,36.41,10.67,"Ready (readings started, loop not started)",0,0,0,20,NO,,20,20,60,120,30,8,20,95,150,3.5,105,0.2,1.5,10,0
4.04,93.64,46.65,36.41,12.23,"Ready (readings started, loop not started)",0,0,0,20,NO,,20,20,60,120,30,8,20,95,150,3.5,105,0.2,1.5,10,0
4.07,91.58,46.95,36.53,13.75,"Ready (readings started, loop not started)",0,0,0,20,NO,,20,20,60,120,30,8,20,95,150,3.5,105,0.2,1.5,10,0
4.12,89.61,47.45,36.53,15.73,"Ready (readings started, loop not started)",0,0,0,20,NO,,20,20,60,120,30,8,20,95,150,3.5,105,0.2,1.5,10,0
4.15,87.95,47.75,36.65,17.06,"Ready (readings started, loop not started)",0,0,0,20,NO,,20,20,60,120,30,8,20,95,150,3.5,105,0.2,1.5,10,0
4.18,86.56,47.95,36.65,17.9,"Ready (readings started, loop not started)",0,0,0,20,NO,,20,20,60,120,30,8,20,95,150,3.5,105,0.2,1.5,10,0
4.21,85.26,48.74,37.0,18.36,"Ready (readings started, loop not started)",0,0,0,20,NO,,20,20,60,120,30,8,20,95,150,3.5,105,0.2,1.5,10,0
4.23,83.55,49.42,37.46,18.82,"Ready (readings started, loop not started)",0,0,0,20,NO,,20,20,60,120,30,8,20,95,150,3.5,105,0.2,1.5,10,0
4.26,81.74,49.6,37.57,19.38,"Ready (readings started, loop not started)",0,0,0,20,NO,,20,20,60,120,30,8,20,95,150,3.5,105,0.2,1.5,10,0
4.3,80.21,49.78,37.8,20.47,"Ready (readings started, loop not started)",0,0,0,20,NO,,20,20,60,120,30,8,20,95,150,3.5,105,0.2,1.5,10,0
4.35,78.69,77.96,38.26,22.16,"Ready (readings started, loop not started)",0,0,0,20,NO,,20,20,60,120,30,8,20,95,150,3.5,105,0.2,1.5,10,0
4.39,77.31,106.16,38.73,24.18,"Ready (readings started, loop not started)",0,0,0,20,NO,,20,20,60,120,30,8,20,95,150,3.5,105,0.2,1.5,10,0
4.44,76.14,106.27,39.65,28.45,"Ready (readings started, loop not started)",0,0,0,20,NO,,20,20,60,120,30,8,20,95,150,3.5,105,0.2,1.5,10,0
4.5,74.84,106.89,40.92,34.52,"Ready (readings started, loop not started)",0,0,0,20,NO,,20,20,60,120,30,8,20,95,150,3.5,105,0.2,1.5,10,0
4.54,74.84,133.97,42.04,37.48,"Ready (readings started, loop not started)",0,0,0,20,NO,,20,20,60,120,30,8,20,95,150,3.5,105,0.2,1.5,10,0
4.59,73.18,147.98,43.13,41.36,"Ready (readings started, loop not started)",0,0,0,20,NO,,20,20,60,120,30,8,20,95,150,3.5,105,0.2,1.5,10,0
4.63,71.38,147.98,44.0,44.44,"Ready (readings started, loop not started)",0,0,0,20,NO,,20,20,60,120,30,8,20,95,150,3.5,105,0.2,1.5,10,0
4.67,70.06,147.98,45.41,47.33,"Ready (readings started, loop not started)",0,0,0,20,NO,,20,20,60,120,30,8,20,95,150,3.5,105,0.2,1.5,10,0
4.71,69.21,149.36,48.2,49.99,"Ready (readings started, loop not started)",0,0,0,20,NO,,20,20,60,120,30,8,20,95,150,3.5,105,0.2,1.5,10,0
4.75,67.55,147.98,53.56,52.72,"Ready (readings started, loop not started)",0,0,0,20,NO,,20,20,60,120,30,8,20,95,150,3.5,105,0.2,1.5,10,0
4.78,64.94,147.98,57.87,54.8,"Ready (readings started, loop not started)",0,0,0,20,NO,,20,20,60,120,30,8,20,95,150,3.5,105,0.2,1.5,10,0
4.82,64.94,133.97,57.87,56.35,"Ready (readings started, loop not started)",0,0,0,20,NO,,20,20,60,120,30,8,20,95,150,3.5,105,0.2,1.5,10,0
4.87,64.94,133.28,59.35,57.68,"Ready (readings started, loop not started)",0,0,0,20,NO,,20,20,60,120,30,8,20,95,150,3.5,105,0.2,1.5,10,0
4.9,66.6,119.04,59.35,58.63,"Ready (readings started, loop not started)",0,0,0,20,NO,,20,20,60,120,30,8,20,95,150,3.5,105,0.2,1.5,10,0
4.93,66.6,110.49,57.87,59.48,"Ready (readings started, loop not started)",0,0,0,20,NO,,20,20,60,120,30,8,20,95,150,3.5,105,0.2,1.5,10,0
4.96,76.79,109.64,57.87,60.23,"Ready (readings started, loop not started)",0,0,0,20,NO,,20,20,60,120,30,8,20,95,150,3.5,105,0.2,1.5,10,0
5.0,82.86,114.64,57.09,60.98,"Ready (readings started, loop not started)",0,0,0,20,NO,,20,20,60,120,30,8,20,95,150,3.5,105,0.2,1.5,10,0
5.04,84.02,124.04,55.72,63.22,"Ready (readings started, loop not started)",0,0,0,20,NO,,20,20,60,120,30,8,20,95,150,3.5,105,0.2,1.5,10,0
5.09,86.72,124.04,53.9,66.1,"Ready (readings started, loop not started)",0,0,0,20,NO,,20,20,60,120,30,8,20,95,150,3.5,105,0.2,1.5,10,0
5.14,89.87,138.07,52.95,69.88,"Ready (readings started, loop not started)",0,0,0,20,NO,,20,20,60,120,30,8,20,95,150,3.5,105,0.2,1.5,10,0
5.19,90.63,174.89,51.75,73.71,"Ready (readings started, loop not started)",0,0,0,20,NO,,20,20,60,120,30,8,20,95,150,3.5,105,0.2,1.5,10,0
5.24,96.18,234.79,50.57,77.37,"Ready (readings started, loop not started)",0,0,0,20,NO,,20,20,60,120,30,8,20,95,150,3.5,105,0.2,1.5,10,0
5.3,147.48,235.82,49.75,79.82,"Ready (readings started, loop not started)",0,0,0,20,NO,,20,20,60,120,30,8,20,95,150,3.5,105,0.2,1.5,10,0
5.35,191.57,237.04,48.28,81.27,"Ready (readings started, loop not started)",0,0,0,20,NO,,20,20,60,120,30,8,20,95,150,3.5,105,0.2,1.5,10,0
5.4,191.57,237.04,46.62,82.19,"Ready (readings started, loop not started)",0,0,0,20,NO,,20,20,60,120,30,8,20,95,150,3.5,105,0.2,1.5,10,0
5.45,191.57,237.04,44.9,81.96,"Ready (readings started, loop not started)",0,0,0,20,NO,,20,20,60,120,30,8,20,95,150,3.5,105,0.2,1.5,10,0
5.49,191.57,237.04,42.24,81.59,"Ready (readings started, loop not started)",0,0,0,20,NO,,20,20,60,120,30,8,20,95,150,3.5,105,0.2,1.5,10,0
5.53,191.57,237.04,40.46,80.93,"Ready (readings started, loop not started)",0,0,0,20,NO,,20,20,60,120,30,8,20,95,150,3.5,105,0.2,1.5,10,0
5.57,188.89,178.77,40.11,80.7,"Ready (readings started, loop not started)",0,0,0,20,NO,,20,20,60,120,30,8,20,95,150,3.5,105,0.2,1.5,10,0
5.61,187.38,106.48,39.42,81.4,"Ready (readings started, loop not started)",0,0,0,20,NO,,20,20,60,120,30,8,20,95,150,3.5,105,0.2,1.5,10,0
5.66,184.81,78.21,38.85,81.2,"Ready (readings started, loop not started)",0,0,0,20,NO,,20,20,60,120,30,8,20,95,150,3.5,105,0.2,1.5,10,0
5.69,181.2,59.61,38.73,81.01,"Ready (readings started, loop not started)",0,0,0,20,NO,,20,20,60,120,30,8,20,95,150,3.5,105,0.2,1.5,10,0
5.73,179.14,53.33,38.5,81.22,"Ready (readings started, loop not started)",0,0,0,20,NO,,20,20,60,120,30,8,20,95,150,3.5,105,0.2,1.5,10,0
5.76,177.11,53.33,38.27,81.48,"Ready (readings started, loop not started)",0,0,0,20,NO,,20,20,60,120,30,8,20,95,150,3.5,105,0.2,1.5,10,0
5.79,175.5,50.72,38.04,81.63,"Ready (readings started, loop not started)",0,0,0,20,NO,,20,20,60,120,30,8,20,95,150,3.5,105,0.2,1.5,10,0
5.82,175.5,50.72,37.69,81.98,"Ready (readings started, loop not started)",0,0,0,20,NO,,20,20,60,120,30,8,20,95,150,3.5,105,0.2,1.5,10,0
5.87,173.05,50.97,37.69,83.21,"Ready (readings started, loop not started)",0,0,0,20,NO,,20,20,60,120,30,8,20,95,150,3.5,105,0.2,1.5,10,0
5.9,170.08,53.5,37.68,83.61,"Ready (readings started, loop not started)",0,0,0,20,NO,,20,20,60,120,30,8,20,95,150,3.5,105,0.2,1.5,10,0
5.95,168.31,52.84,37.46,83.96,"Ready (readings started, loop not started)",0,0,0,20,NO,,20,20,60,120,30,8,20,95,150,3.5,105,0.2,1.5,10,0
5.99,166.21,51.68,37.35,84.23,"Ready (readings started, loop not started)",0,0,0,20,NO,,20,20,60,120,30,8,20,95,150,3.5,105,0.2,1.5,10,0
6.02,162.17,53.29,37.34,84.71,"Ready (readings started, loop not started)",0,0,0,20,NO,,20,20,60,120,30,8,20,95,150,3.5,105,0.2,1.5,10,0
6.07,158.27,53.29,37.23,86.0,"Ready (readings started, loop not started)",0,0,0,20,NO,,20,20,60,120,30,8,20,95,150,3.5,105,0.2,1.5,10,0
6.1,154.61,55.11,37.11,86.81,"Ready (readings started, loop not started)",0,0,0,20,NO,,20,20,60,120,30,8,20,95,150,3.5,105,0.2,1.5,10,0
6.14,154.61,53.29,37.11,87.48,"Ready (readings started, loop not started)",0,0,0,20,NO,,20,20,60,120,30,8,20,95,150,3.5,105,0.2,1.5,10,0
6.18,154.61,55.11,36.66,87.79,"Ready (readings started, loop not started)",0,0,0,20,NO,,20,20,60,120,30,8,20,95,150,3.5,105,0.2,1.5,10,0
6.23,151.84,53.29,36.66,87.66,"Ready (readings started, loop not started)",0,0,0,20,NO,,20,20,60,120,30,8,20,95,150,3.5,105,0.2,1.5,10,0
6.27,150.82,53.29,36.66,87.99,"Ready (readings started, loop not started)",0,0,0,20,NO,,20,20,60,120,30,8,20,95,150,3.5,105,0.2,1.5,10,0
6.3,149.56,53.29,36.31,88.57,"Ready (readings started, loop not started)",0,0,0,20,NO,,20,20,60,120,30,8,20,95,150,3.5,105,0.2,1.5,10,0
6.34,147.68,63.16,36.2,89.0,"Ready (readings started, loop not started)",0,0,0,20,NO,,20,20,60,120,30,8,20,95,150,3.5,105,0.2,1.5,10,0
6.38,142.19,62.88,36.07,89.03,"Ready (readings started, loop not started)",0,0,0,20,NO,,20,20,60,120,30,8,20,95,150,3.5,105,0.2,1.5,10,0
6.41,135.68,51.49,36.08,88.75,"Ready (readings started, loop not started)",0,0,0,20,NO,,20,20,60,120,30,8,20,95,150,3.5,105,0.2,1.5,10,0
6.44,132.11,51.49,36.07,88.57,"Ready (readings started, loop not started)",0,0,0,20,NO,,20,20,60,120,30,8,20,95,150,3.5,105,0.2,1.5,10,0
6.47,129.86,51.4,36.08,88.74,"Ready (readings started, loop not started)",0,0,0,20,NO,,20,20,60,120,30,8,20,95,150,3.5,105,0.2,1.5,10,0
6.5,129.86,51.49,36.18,88.69,"Ready (readings started, loop not started)",0,0,0,20,NO,,20,20,60,120,30,8,20,95,150,3.5,105,0.2,1.5,10,0
6.54,127.53,51.49,36.18,86.82,"Ready (readings started, loop not started)",0,0,0,20,NO,,20,20,60,120,30,8,20,95,150,3.5,105,0.2,1.5,10,0
6.57,125.35,51.24,36.18,85.25,"Ready (readings started, loop not started)",0,0,0,20,NO,,20,20,60,120,30,8,20,95,150,3.5,105,0.2,1.5,10,0
6.61,122.51,50.98,36.18,84.52,"Ready (readings started, loop not started)",0,0,0,20,NO,,20,20,60,120,30,8,20,95,150,3.5,105,0.2,1.5,10,0
6.64,119.45,50.89,36.18,84.54,"Ready (readings started, loop not started)",0,0,0,20,NO,,20,20,60,120,30,8,20,95,150,3.5,105,0.2,1.5,10,0
6.68,112.54,50.89,36.19,84.14,"Ready (readings started, loop not started)",0,0,0,20,NO,,20,20,60,120,30,8,20,95,150,3.5,105,0.2,1.5,10,0
6.72,105.64,50.89,36.3,83.98,"Ready (readings started, loop not started)",0,0,0,20,NO,,20,20,60,120,30,8,20,95,150,3.5,105,0.2,1.5,10,0
6.75,105.18,52.48,36.41,84.61,"Ready (readings started, loop not started)",0,0,0,20,NO,,20,20,60,120,30,8,20,95,150,3.5,105,0.2,1.5,10,0
6.79,102.14,55.53,36.65,85.47,"Ready (readings started, loop not started)",0,0,0,20,NO,,20,20,60,120,30,8,20,95,150,3.5,105,0.2,1.5,10,0
6.82,98.58,60.41,36.99,86.55,"Ready (readings started, loop not started)",0,0,0,20,NO,,20,20,60,120,30,8,20,95,150,3.5,105,0.2,1.5,10,0
6.86,96.5,60.41,37.22,87.75,"Ready (readings started, loop not started)",0,0,0,20,NO,,20,20,60,120,30,8,20,95,150,3.5,105,0.2,1.5,10,0
6.9,96.5,63.98,37.45,88.67,"Ready (readings started, loop not started)",0,0,0,20,NO,,20,20,60,120,30,8,20,95,150,3.5,105,0.2,1.5,10,0
6.93,96.5,63.98,37.58,89.09,"Ready (readings started, loop not started)",0,0,0,20,NO,,20,20,60,120,30,8,20,95,150,3.5,105,0.2,1.5,10,0
6.96,96.5,67.76,37.69,89.69,"Ready (readings started, loop not started)",0,0,0,20,NO,,20,20,60,120,30,8,20,95,150,3.5,105,0.2,1.5,10,0
7.0,96.5,67.76,37.69,90.72,"Ready (readings started, loop not started)",0,0,0,20,NO,,20,20,60,120,30,8,20,95,150,3.5,105,0.2,1.5,10,0
7.04,94.49,63.98,37.69,92.07,"Ready (readings started, loop not started)",0,0,0,20,NO,,20,20,60,120,30,8,20,95,150,3.5,105,0.2,1.5,10,0
7.06,92.26,63.98,37.8,93.1,"Ready (readings started, loop not started)",0,0,0,20,NO,,20,20,60,120,30,8,20,95,150,3.5,105,0.2,1.5,10,0
7.09,90.42,57.29,37.8,93.81,"Ready (readings started, loop not started)",0,0,0,20,NO,,20,20,60,120,30,8,20,95,150,3.5,105,0.2,1.5,10,0
7.12,88.49,50.08,37.92,94.5,"Ready (readings started, loop not started)",0,0,0,20,NO,,20,20,60,120,30,8,20,95,150,3.5,105,0.2,1.5,10,0
7.14,86.57,49.7,38.04,95.33,"Ready (readings started, loop not started)",0,0,0,20,NO,,20,20,60,120,30,8,20,95,150,3.5,105,0.2,1.5,10,0
7.18,84.91,49.7,38.04,96.39,"Ready (readings started, loop not started)",0,0,0,20,NO,,20,20,60,120,30,8,20,95,150,3.5,105,0.2,1.5,10,0
7.22,83.27,49.7,38.27,97.75,"Ready (readings started, loop not started)",0,0,0,20,NO,,20,20,60,120,30,8,20,95,150,3.5,105,0.2,1.5,10,0
7.25,82.06,49.87,38.27,98.89,"Ready (readings started, loop not started)",0,0,0,20,NO,,20,20,60,120,30,8,20,95,150,3.5,105,0.2,1.5,10,0
7.29,80.91,49.87,38.61,101.13,"Ready (readings started, loop not started)",0,0,0,20,NO,,20,20,60,120,30,8,20,95,150,3.5,105,0.2,1.5,10,0
7.33,79.16,49.87,38.85,103.98,"Ready (readings started, loop not started)",0,0,0,20,NO,,20,20,60,120,30,8,20,95,150,3.5,105,0.2,1.5,10,0
7.37,77.18,50.46,38.96,106.42,"Ready (readings started, loop not started)",0,0,0,20,NO,,20,20,60,120,30,8,20,95,150,3.5,105,0.2,1.5,10,0
7.41,76.12,53.88,39.08,109.56,"Ready (readings started, loop not started)",0,0,0,20,NO,,20,20,60,120,30,8,20,95,150,3.5,105,0.2,1.5,10,0
7.45,75.35,56.89,39.65,111.91,"Ready (readings started, loop not started)",0,0,0,20,NO,,20,20,60,120,30,8,20,95,150,3.5,105,0.2,1.5,10,0
7.49,73.67,66.69,40.23,115.3,"Ready (readings started, loop not started)",0,0,0,20,NO,,20,20,60,120,30,8,20,95,150,3.5,105,0.2,1.5,10,0
7.54,73.67,158.44,41.16,118.52,"Ready (readings started, loop not started)",0,0,0,20,NO,,20,20,60,120,30,8,20,95,150,3.5,105,0.2,1.5,10,0
7.6,71.92,240.53,42.19,121.61,"Ready (readings started, loop not started)",0,0,0,20,NO,,20,20,60,120,30,8,20,95,150,3.5,105,0.2,1.5,10,0
7.64,69.55,240.53,45.37,123.69,"Ready (readings started, loop not started)",0,0,0,20,NO,,20,20,60,120,30,8,20,95,150,3.5,105,0.2,1.5,10,0
7.68,67.14,240.53,49.19,125.58,"Ready (readings started, loop not started)",0,0,0,20,NO,,20,20,60,120,30,8,20,95,150,3.5,105,0.2,1.5,10,0
7.72,65.51,200.46,50.89,127.07,"Ready (readings started, loop not started)",0,0,0,20,NO,,20,20,60,120,30,8,20,95,150,3.5,105,0.2,1.5,10,0
7.76,62.97,200.46,53.02,128.65,"Ready (readings started, loop not started)",0,0,0,20,NO,,20,20,60,120,30,8,20,95,150,3.5,105,0.2,1.5,10,0
7.79,60.64,155.32,54.49,129.81,"Ready (readings started, loop not started)",0,0,0,20,NO,,20,20,60,120,30,8,20,95,150,3.5,105,0.2,1.5,10,0
7.82,59.48,155.32,55.46,131.15,"Ready (readings started, loop not started)",0,0,0,20,NO,,20,20,60,120,30,8,20,95,150,3.5,105,0.2,1.5,10,0
7.85,58.28,150.47,55.46,132.99,"Ready (readings started, loop not started)",0,0,0,20,NO,,20,20,60,120,30,8,20,95,150,3.5,105,0.2,1.5,10,0
7.89,58.28,150.47,56.31,135.48,"Ready (readings started, loop not started)",0,0,0,20,NO,,20,20,60,120,30,8,20,95,150,3.5,105,0.2,1.5,10,0
7.95,58.28,150.47,56.31,139.1,"Ready (readings started, loop not started)",0,0,0,20,NO,,20,20,60,120,30,8,20,95,150,3.5,105,0.2,1.5,10,0
8.02,58.28,150.47,56.31,142.58,"Ready (readings started, loop not started)",0,0,0,20,NO,,20,20,60,120,30,8,20,95,150,3.5,105,0.2,1.5,10,0
8.08,58.28,155.65,55.46,146.63,"Ready (readings started, loop not started)",0,0,0,20,NO,,20,20,60,120,30,8,20,95,150,3.5,105,0.2,1.5,10,0
8.15,134.32,192.02,54.49,150.0,"Ready (readings started, loop not started)",0,0,0,20,NO,,20,20,60,120,30,8,20,95,150,3.5,105,0.2,1.5,10,0
8.21,209.59,233.26,54.49,151.83,"Ready (readings started, loop not started)",0,0,0,20,NO,,20,20,60,120,30,8,20,95,150,3.5,105,0.2,1.5,10,0
8.26,209.59,234.66,51.69,154.42,"Ready (readings started, loop not started)",0,0,0,20,NO,,20,20,60,120,30,8,20,95,150,3.5,105,0.2,1.5,10,0
8.32,209.59,236.69,47.61,157.43,"Ready (readings started, loop not started)",0,0,0,20,NO,,20,20,60,120,30,8,20,95,150,3.5,105,0.2,1.5,10,0
8.37,209.59,237.62,45.21,159.82,"Ready (readings started, loop not started)",0,0,0,20,NO,,20,20,60,120,30,8,20,95,150,3.5,105,0.2,1.5,10,0
8.43,209.59,238.96,43.5,161.2,"Ready (readings started, loop not started)",0,0,0,20,NO,,20,20,60,120,30,8,20,95,150,3.5,105,0.2,1.5,10,0
8.48,206.66,238.96,42.41,161.38,"Ready (readings started, loop not started)",0,0,0,20,NO,,20,20,60,120,30,8,20,95,150,3.5,105,0.2,1.5,10,0
8.53,203.43,240.47,40.92,161.81,"Ready (readings started, loop not started)",0,0,0,20,NO,,20,20,60,120,30,8,20,95,150,3.5,105,0.2,1.5,10,0
8.58,199.97,241.16,39.77,162.11,"Ready (readings started, loop not started)",0,0,0,20,NO,,20,20,60,120,30,8,20,95,150,3.5,105,0.2,1.5,10,0
8.62,196.7,241.16,39.42,161.93,"Ready (readings started, loop not started)",0,0,0,20,NO,,20,20,60,120,30,8,20,95,150,3.5,105,0.2,1.5,10,0
8.67,193.61,241.4,38.96,162.6,"Ready (readings started, loop not started)",0,0,0,20,NO,,20,20,60,120,30,8,20,95,150,3.5,105,0.2,1.5,10,0
8.75,191.48,241.4,38.38,163.78,"Ready (readings started, loop not started)",0,0,0,20,NO,,20,20,60,120,30,8,20,95,150,3.5,105,0.2,1.5,10,0
8.78,188.28,241.4,37.8,164.72,"Ready (readings started, loop not started)",0,0,0,20,NO,,20,20,60,120,30,8,20,95,150,3.5,105,0.2,1.5,10,0
8.82,184.32,240.93,37.34,166.04,"Ready (readings started, loop not started)",0,0,0,20,NO,,20,20,60,120,30,8,20,95,150,3.5,105,0.2,1.5,10,0
8.86,181.51,240.93,36.99,167.15,"Ready (readings started, loop not started)",0,0,0,20,NO,,20,20,60,120,30,8,20,95,150,3.5,105,0.2,1.5,10,0
8.9,177.5,47.76,36.64,168.26,"Ready (readings started, loop not started)",0,0,0,20,NO,,20,20,60,120,30,8,20,95,150,3.5,105,0.2,1.5,10,0
8.94,173.58,47.16,36.52,169.12,"Ready (readings started, loop not started)",0,0,0,20,NO,,20,20,60,120,30,8,20,95,150,3.5,105,0.2,1.5,10,0
8.98,171.28,47.16,36.3,169.28,"Ready (readings started, loop not started)",0,0,0,20,NO,,20,20,60,120,30,8,20,95,150,3.5,105,0.2,1.5,10,0
9.02,168.5,47.16,36.07,168.87,"Ready (readings started, loop not started)",0,0,0,20,NO,,20,20,60,120,30,8,20,95,150,3.5,105,0.2,1.5,10,0
9.06,165.36,47.16,35.82,168.31,"Ready (readings started, loop not started)",0,0,0,20,NO,,20,20,60,120,30,8,20,95,150,3.5,105,0.2,1.5,10,0
9.09,162.45,47.25,35.57,167.96,"Ready (readings started, loop not started)",0,0,0,20,NO,,20,20,60,120,30,8,20,95,150,3.5,105,0.2,1.5,10,0
9.13,159.64,47.25,35.57,167.82,"Ready (readings started, loop not started)",0,0,0,20,NO,,20,20,60,120,30,8,20,95,150,3.5,105,0.2,1.5,10,0
9.18,157.26,47.54,35.57,168.14,"Ready (readings started, loop not started)",0,0,0,20,NO,,20,20,60,120,30,8,20,95,150,3.5,105,0.2,1.5,10,0
9.21,154.77,47.74,35.43,168.72,"Ready (readings started, loop not started)",0,0,0,20,NO,,20,20,60,120,30,8,20,95,150,3.5,105,0.2,1.5,10,0
9.24,151.94,47.76,35.43,169.53,"Ready (readings started, loop not started)",0,0,0,20,NO,,20,20,60,120,30,8,20,95,150,3.5,105,0.2,1.5,10,0
9.28,149.2,47.85,35.69,169.65,"Ready (readings started, loop not started)",0,0,0,20,NO,,20,20,60,120,30,8,20,95,150,3.5,105,0.2,1.5,10,0
9.32,146.5,47.85,35.95,169.55,"Ready (readings started, loop not started)",0,0,0,20,NO,,20,20,60,120,30,8,20,95,150,3.5,105,0.2,1.5,10,0
9.35,144.08,48.04,35.95,169.59,"Ready (readings started, loop not started)",0,0,0,20,NO,,20,20,60,120,30,8,20,95,150,3.5,105,0.2,1.5,10,0
9.38,141.98,47.84,36.06,169.53,"Ready (readings started, loop not started)",0,0,0,20,NO,,20,20,60,120,30,8,20,95,150,3.5,105,0.2,1.5,10,0
9.41,139.87,47.63,36.06,169.28,"Ready (readings started, loop not started)",0,0,0,20,NO,,20,20,60,120,30,8,20,95,150,3.5,105,0.2,1.5,10,0
9.44,137.73,47.63,36.06,169.02,"Ready (readings started, loop not started)",0,0,0,20,NO,,20,20,60,120,30,8,20,95,150,3.5,105,0.2,1.5,10,0
9.48,135.69,47.63,36.06,168.96,"Ready (readings started, loop not started)",0,0,0,20,NO,,20,20,60,120,30,8,20,95,150,3.5,105,0.2,1.5,10,0
9.52,133.89,47.44,35.95,169.32,"Ready (readings started, loop not started)",0,0,0,20,NO,,20,20,60,120,30,8,20,95,150,3.5,105,0.2,1.5,10,0
9.55,132.15,47.35,35.95,169.55,"Ready (readings started, loop not started)",0,0,0,20,NO,,20,20,60,120,30,8,20,95,150,3.5,105,0.2,1.5,10,0
9.59,130.43,47.25,36.06,169.09,"Ready (readings started, loop not started)",0,0,0,20,NO,,20,20,60,120,30,8,20,95,150,3.5,105,0.2,1.5,10,0
9.63,128.33,46.96,36.18,168.85,"Ready (readings started, loop not started)",0,0,0,20,NO,,20,20,60,120,30,8,20,95,150,3.5,105,0.2,1.5,10,0
9.67,125.88,46.85,36.18,169.08,"Ready (readings started, loop not started)",0,0,0,20,NO,,20,20,60,120,30,8,20,95,150,3.5,105,0.2,1.5,10,0
9.7,123.58,46.76,36.19,169.43,"Ready (readings started, loop not started)",0,0,0,20,NO,,20,20,60,120,30,8,20,95,150,3.5,105,0.2,1.5,10,0
9.73,121.33,46.76,36.19,169.97,"Ready (readings started, loop not started)",0,0,0,20,NO,,20,20,60,120,30,8,20,95,150,3.5,105,0.2,1.5,10,0
9.77,119.94,46.76,36.19,171.17,"Ready (readings started, loop not started)",0,0,0,20,NO,,20,20,60,120,30,8,20,95,150,3.5,105,0.2,1.5,10,0
9.81,118.87,46.76,36.31,171.81,"Ready (readings started, loop not started)",0,0,0,20,NO,,20,20,60,120,30,8,20,95,150,3.5,105,0.2,1.5,10,0
9.86,116.89,46.85,36.19,172.59,"Ready (readings started, loop not started)",0,0,0,20,NO,,20,20,60,120,30,8,20,95,150,3.5,105,0.2,1.5,10,0
9.89,114.92,47.15,36.31,172.87,"Ready (readings started, loop not started)",0,0,0,20,NO,,20,20,60,120,30,8,20,95,150,3.5,105,0.2,1.5,10,0
9.93,112.06,47.45,36.53,172.58,"Ready (readings started, loop not started)",0,0,0,20,NO,,20,20,60,120,30,8,20,95,150,3.5,105,0.2,1.5,10,0
9.96,109.04,47.65,36.54,172.65,"Ready (readings started, loop not started)",0,0,0,20,NO,,20,20,60,120,30,8,20,95,150,3.5,105,0.2,1.5,10,0
9.99,106.7,47.84,36.42,173.06,"Ready (readings started, loop not started)",0,0,0,20,NO,,20,20,60,120,30,8,20,95,150,3.5,105,0.2,1.5,10,0
10.02,104.36,47.94,36.31,173.41,"Ready (readings started, loop not started)",0,0,0,20,NO,,20,20,60,120,30,8,20,95,150,3.5,105,0.2,1.5,10,0
10.05,102.03,48.05,36.42,173.61,"Ready (readings started, loop not started)",0,0,0,20,NO,,20,20,60,120,30,8,20,95,150,3.5,105,0.2,1.5,10,0
10.07,99.46,48.15,36.43,173.91,"Ready (readings started, loop not started)",0,0,0,20,NO,,20,20,60,120,30,8,20,95,150,3.5,105,0.2,1.5,10,0
10.1,97.34,48.05,36.43,174.34,"Ready (readings started, loop not started)",0,0,0,20,NO,,20,20,60,120,30,8,20,95,150,3.5,105,0.2,1.5,10,0
10.14,95.82,48.05,36.54,175.81,"Ready (readings started, loop not started)",0,0,0,20,NO,,20,20,60,120,30,8,20,95,150,3.5,105,0.2,1.5,10,0
10.18,94.15,48.05,36.76,177.25,"Ready (readings started, loop not started)",0,0,0,20,NO,,20,20,60,120,30,8,20,95,150,3.5,105,0.2,1.5,10,0
10.21,91.59,48.35,36.88,178.46,"Ready (readings started, loop not started)",0,0,0,20,NO,,20,20,60,120,30,8,20,95,150,3.5,105,0.2,1.5,10,0
10.24,88.42,48.05,36.99,180.26,"Ready (readings started, loop not started)",0,0,0,20,NO,,20,20,60,120,30,8,20,95,150,3.5,105,0.2,1.5,10,0
10.28,86.43,48.35,37.11,182.63,"Ready (readings started, loop not started)",0,0,0,20,NO,,20,20,60,120,30,8,20,95,150,3.5,105,0.2,1.5,10,0
10.31,85.31,48.45,37.11,185.32,"Ready (readings started, loop not started)",0,0,0,20,NO,,20,20,60,120,30,8,20,95,150,3.5,105,0.2,1.5,10,0
10.35,83.59,48.45,37.23,188.25,"Ready (readings started, loop not started)",0,0,0,20,NO,,20,20,60,120,30,8,20,95,150,3.5,105,0.2,1.5,10,0
10.38,81.51,48.45,37.46,190.6,"Ready (readings started, loop not started)",0,0,0,20,NO,,20,20,60,120,30,8,20,95,150,3.5,105,0.2,1.5,10,0
10.42,79.58,48.56,37.8,193.76,"Ready (readings started, loop not started)",0,0,0,20,NO,,20,20,60,120,30,8,20,95,150,3.5,105,0.2,1.5,10,0
10.46,77.7,49.23,38.15,197.32,"Ready (readings started, loop not started)",0,0,0,20,NO,,20,20,60,120,30,8,20,95,150,3.5,105,0.2,1.5,10,0
10.5,77.7,49.72,38.38,199.97,"Ready (readings started, loop not started)",0,0,0,20,NO,,20,20,60,120,30,8,20,95,150,3.5,105,0.2,1.5,10,0
10.54,75.82,73.74,38.6,203.58,"Ready (readings started, loop not started)",0,0,0,20,NO,,20,20,60,120,30,8,20,95,150,3.5,105,0.2,1.5,10,0
10.58,75.59,99.21,39.19,207.19,"Ready (readings started, loop not started)",0,0,0,20,NO,,20,20,60,120,30,8,20,95,150,3.5,105,0.2,1.5,10,0
10.62,75.3,105.68,40.81,211.91,"Ready (readings started, loop not started)",0,0,0,20,NO,,20,20,60,120,30,8,20,95,150,3.5,105,0.2,1.5,10,0
10.66,74.21,110.67,43.73,216.68,"Ready (readings started, loop not started)",0,0,0,20,NO,,20,20,60,120,30,8,20,95,150,3.5,105,0.2,1.5,10,0
10.73,72.27,118.28,53.35,222.84,"Ready (readings started, loop not started)",0,0,0,20,NO,,20,20,60,120,30,8,20,95,150,3.5,105,0.2,1.5,10,0
10.77,72.27,118.44,62.46,225.06,"Ready (readings started, loop not started)",0,0,0,20,NO,,20,20,60,120,30,8,20,95,150,3.5,105,0.2,1.5,10,0
10.86,73.36,119.1,62.46,225.15,"Ready (readings started, loop not started)",0,0,0,20,NO,,20,20,60,120,30,8,20,95,150,3.5,105,0.2,1.5,10,0
10.91,75.88,119.1,63.39,225.33,"Ready (readings started, loop not started)",0,0,0,20,NO,,20,20,60,120,30,8,20,95,150,3.5,105,0.2,1.5,10,0
10.96,97.5,174.72,63.39,224.85,"Ready (readings started, loop not started)",0,0,0,20,NO,,20,20,60,120,30,8,20,95,150,3.5,105,0.2,1.5,10,0
11.01,115.56,230.68,66.77,224.69,"Ready (readings started, loop not started)",0,0,0,20,NO,,20,20,60,120,30,8,20,95,150,3.5,105,0.2,1.5,10,0
11.07,182.87,232.11,63.39,224.98,"Ready (readings started, loop not started)",0,0,0,20,NO,,20,20,60,120,30,8,20,95,150,3.5,105,0.2,1.5,10,0
11.12,209.05,238.62,63.39,225.61,"Ready (readings started, loop not started)",0,0,0,20,NO,,20,20,60,120,30,8,20,95,150,3.5,105,0.2,1.5,10,0
11.18,209.05,240.43,62.12,226.58,"Ready (readings started, loop not started)",0,0,0,20,NO,,20,20,60,120,30,8,20,95,150,3.5,105,0.2,1.5,10,0
11.23,209.05,237.89,58.19,228.49,"Ready (readings started, loop not started)",0,0,0,20,NO,,20,20,60,120,30,8,20,95,150,3.5,105,0.2,1.5,10,0
11.28,209.05,236.31,54.33,230.89,"Ready (readings started, loop not started)",0,0,0,20,NO,,20,20,60,120,30,8,20,95,150,3.5,105,0.2,1.5,10,0
11.31,205.41,237.1,53.26,232.09,"Ready (readings started, loop not started)",0,0,0,20,NO,,20,20,60,120,30,8,20,95,150,3.5,105,0.2,1.5,10,0
11.37,203.49,237.1,51.72,235.78,"Ready (readings started, loop not started)",0,0,0,20,NO,,20,20,60,120,30,8,20,95,150,3.5,105,0.2,1.5,10,0
11.41,203.49,237.1,49.06,237.45,"Ready (readings started, loop not started)",0,0,0,20,NO,,20,20,60,120,30,8,20,95,150,3.5,105,0.2,1.5,10,0
11.47,205.41,237.1,46.63,238.58,"Ready (readings started, loop not started)",0,0,0,20,NO,,20,20,60,120,30,8,20,95,150,3.5,105,0.2,1.5,10,0
11.51,203.49,237.1,43.51,239.28,"Ready (readings started, loop not started)",0,0,0,20,NO,,20,20,60,120,30,8,20,95,150,3.5,105,0.2,1.5,10,0
11.54,193.26,237.1,40.34,239.94,"Ready (readings started, loop not started)",0,0,0,20,NO,,20,20,60,120,30,8,20,95,150,3.5,105,0.2,1.5,10,0
11.57,182.08,156.22,38.5,241.14,"Ready (readings started, loop not started)",0,0,0,20,NO,,20,20,60,120,30,8,20,95,150,3.5,105,0.2,1.5,10,0
11.6,180.12,60.14,37.69,242.65,"Ready (readings started, loop not started)",0,0,0,20,NO,,20,20,60,120,30,8,20,95,150,3.5,105,0.2,1.5,10,0
11.64,182.08,44.15,36.88,244.08,"Ready (readings started, loop not started)",0,0,0,20,NO,,20,20,60,120,30,8,20,95,150,3.5,105,0.2,1.5,10,0
11.68,182.08,44.15,36.07,245.65,"Ready (readings started, loop not started)",0,0,0,20,NO,,20,20,60,120,30,8,20,95,150,3.5,105,0.2,1.5,10,0
11.72,180.12,44.15,35.83,248.16,"Ready (readings started, loop not started)",0,0,0,20,NO,,20,20,60,120,30,8,20,95,150,3.5,105,0.2,1.5,10,0
11.76,180.12,44.15,35.56,251.08,"Ready (readings started, loop not started)",0,0,0,20,NO,,20,20,60,120,30,8,20,95,150,3.5,105,0.2,1.5,10,0
11.8,178.11,44.15,35.56,252.88,"Ready (readings started, loop not started)",0,0,0,20,NO,,20,20,60,120,30,8,20,95,150,3.5,105,0.2,1.5,10,0
11.84,174.34,44.25,34.34,255.34,"Ready (readings started, loop not started)",0,0,0,20,NO,,20,20,60,120,30,8,20,95,150,3.5,105,0.2,1.5,10,0
11.88,170.24,44.94,33.04,256.79,"Ready (readings started, loop not started)",0,0,0,20,NO,,20,20,60,120,30,8,20,95,150,3.5,105,0.2,1.5,10,0
11.92,167.46,45.94,32.04,257.78,"Ready (readings started, loop not started)",0,0,0,20,NO,,20,20,60,120,30,8,20,95,150,3.5,105,0.2,1.5,10,0
11.96,165.85,46.75,30.87,258.13,"Ready (readings started, loop not started)",0,0,0,20,NO,,20,20,60,120,30,8,20,95,150,3.5,105,0.2,1.5,10,0
12.0,164.67,47.16,30.22,257.77,"Ready (readings started, loop not started)",0,0,0,20,NO,,20,20,60,120,30,8,20,95,150,3.5,105,0.2,1.5,10,0
12.03,161.97,47.16,29.95,257.63,"Ready (readings started, loop not started)",0,0,0,20,NO,,20,20,60,120,30,8,20,95,150,3.5,105,0.2,1.5,10,0
12.07,159.12,47.16,29.82,257.51,"Ready (readings started, loop not started)",0,0,0,20,NO,,20,20,60,120,30,8,20,95,150,3.5,105,0.2,1.5,10,0
12.11,156.85,47.16,29.82,257.14,"Ready (readings started, loop not started)",0,0,0,20,NO,,20,20,60,120,30,8,20,95,150,3.5,105,0.2,1.5,10,0
12.15,155.68,47.16,29.82,256.16,"Ready (readings started, loop not started)",0,0,0,20,NO,,20,20,60,120,30,8,20,95,150,3.5,105,0.2,1.5,10,0
12.18,155.19,46.95,29.82,255.07,"Ready (readings started, loop not started)",0,0,0,20,NO,,20,20,60,120,30,8,20,95,150,3.5,105,0.2,1.5,10,0
12.21,149.53,46.55,29.82,254.12,"Ready (readings started, loop not started)",0,0,0,20,NO,,20,20,60,120,30,8,20,95,150,3.5,105,0.2,1.5,10,0
12.24,143.03,46.25,30.21,253.63,"Ready (readings started, loop not started)",0,0,0,20,NO,,20,20,60,120,30,8,20,95,150,3.5,105,0.2,1.5,10,0
12.27,140.37,45.95,30.86,253.72,"Ready (readings started, loop not started)",0,0,0,20,NO,,20,20,60,120,30,8,20,95,150,3.5,105,0.2,1.5,10,0
12.33,135.42,45.44,31.26,254.9,"Ready (readings started, loop not started)",0,0,0,20,NO,,20,20,60,120,30,8,20,95,150,3.5,105,0.2,1.5,10,0
12.36,133.27,45.34,31.26,255.04,"Ready (readings started, loop not started)",0,0,0,20,NO,,20,20,60,120,30,8,20,95,150,3.5,105,0.2,1.5,10,0
12.4,131.4,45.34,31.26,254.89,"Ready (readings started, loop not started)",0,0,0,20,NO,,20,20,60,120,30,8,20,95,150,3.5,105,0.2,1.5,10,0
12.44,129.79,45.34,31.4,254.92,"Ready (readings started, loop not started)",0,0,0,20,NO,,20,20,60,120,30,8,20,95,150,3.5,105,0.2,1.5,10,0
12.48,128.9,45.34,31.53,254.84,"Ready (readings started, loop not started)",0,0,0,20,NO,,20,20,60,120,30,8,20,95,150,3.5,105,0.2,1.5,10,0
12.51,126.77,45.34,31.65,254.97,"Ready (readings started, loop not started)",0,0,0,20,NO,,20,20,60,120,30,8,20,95,150,3.5,105,0.2,1.5,10,0
12.55,123.75,45.34,31.53,255.04,"Ready (readings started, loop not started)",0,0,0,20,NO,,20,20,60,120,30,8,20,95,150,3.5,105,0.2,1.5,10,0
12.59,121.69,45.34,31.53,254.49,"Ready (readings started, loop not started)",0,0,0,20,NO,,20,20,60,120,30,8,20,95,150,3.5,105,0.2,1.5,10,0
12.62,119.41,45.14,31.65,254.02,"Ready (readings started, loop not started)",0,0,0,20,NO,,20,20,60,120,30,8,20,95,150,3.5,105,0.2,1.5,10,0
12.65,117.08,44.94,31.91,254.0,"Ready (readings started, loop not started)",0,0,0,20,NO,,20,20,60,120,30,8,20,95,150,3.5,105,0.2,1.5,10,0
12.69,115.01,44.74,32.17,254.26,"Ready (readings started, loop not started)",0,0,0,20,NO,,20,20,60,120,30,8,20,95,150,3.5,105,0.2,1.5,10,0
12.73,112.89,44.44,32.43,254.81,"Ready (readings started, loop not started)",0,0,0,20,NO,,20,20,60,120,30,8,20,95,150,3.5,105,0.2,1.5,10,0
12.76,110.73,44.24,32.95,255.63,"Ready (readings started, loop not started)",0,0,0,20,NO,,20,20,60,120,30,8,20,95,150,3.5,105,0.2,1.5,10,0
12.8,108.63,44.04,33.08,257.34,"Ready (readings started, loop not started)",0,0,0,20,NO,,20,20,60,120,30,8,20,95,150,3.5,105,0.2,1.5,10,0
12.82,106.24,44.04,33.09,258.71,"Ready (readings started, loop not started)",0,0,0,20,NO,,20,20,60,120,30,8,20,95,150,3.5,105,0.2,1.5,10,0
12.86,106.24,44.04,33.09,259.94,"Ready (readings started, loop not started)",0,0,0,20,NO,,20,20,60,120,30,8,20,95,150,3.5,105,0.2,1.5,10,0
12.89,103.78,44.04,33.34,261.31,"Ready (readings started, loop not started)",0,0,0,20,NO,,20,20,60,120,30,8,20,95,150,3.5,105,0.2,1.5,10,0
12.92,101.56,43.94,33.35,262.66,"Ready (readings started, loop not started)",0,0,0,20,NO,,20,20,60,120,30,8,20,95,150,3.5,105,0.2,1.5,10,0
12.95,99.12,43.94,33.35,263.6,"Ready (readings started, loop not started)",0,0,0,20,NO,,20,20,60,120,30,8,20,95,150,3.5,105,0.2,1.5,10,0
12.98,96.97,43.94,33.35,264.43,"Ready (readings started, loop not started)",0,0,0,20,NO,,20,20,60,120,30,8,20,95,150,3.5,105,0.2,1.5,10,0
13.0,93.91,43.94,33.61,265.49,"Ready (readings started, loop not started)",0,0,0,20,NO,,20,20,60,120,30,8,20,95,150,3.5,105,0.2,1.5,10,0
13.03,90.64,43.94,34.12,266.63,"Ready (readings started, loop not started)",0,0,0,20,NO,,20,20,60,120,30,8,20,95,150,3.5,105,0.2,1.5,10,0
13.06,88.67,44.04,34.52,267.87,"Ready (readings started, loop not started)",0,0,0,20,NO,,20,20,60,120,30,8,20,95,150,3.5,105,0.2,1.5,10,0
13.1,87.15,44.04,34.65,268.5,"Ready (readings started, loop not started)",0,0,0,20,NO,,20,20,60,120,30,8,20,95,150,3.5,105,0.2,1.5,10,0
13.13,85.66,43.93,34.78,269.38,"Ready (readings started, loop not started)",0,0,0,20,NO,,20,20,60,120,30,8,20,95,150,3.5,105,0.2,1.5,10,0
13.17,85.66,43.93,34.92,271.25,"Ready (readings started, loop not started)",0,0,0,20,NO,,20,20,60,120,30,8,20,95,150,3.5,105,0.2,1.5,10,0
13.22,85.66,43.93,35.04,273.23,"Ready (readings started, loop not started)",0,0,0,20,NO,,20,20,60,120,30,8,20,95,150,3.5,105,0.2,1.5,10,0
13.26,85.66,44.04,35.17,276.53,"Ready (readings started, loop not started)",0,0,0,20,NO,,20,20,60,120,30,8,20,95,150,3.5,105,0.2,1.5,10,0
13.3,84.04,44.13,35.17,280.31,"Ready (readings started, loop not started)",0,0,0,20,NO,,20,20,60,120,30,8,20,95,150,3.5,105,0.2,1.5,10,0
13.34,82.02,66.95,35.56,282.3,"Ready (readings started, loop not started)",0,0,0,20,NO,,20,20,60,120,30,8,20,95,150,3.5,105,0.2,1.5,10,0
13.39,79.64,81.03,37.46,283.7,"Ready (readings started, loop not started)",0,0,0,20,NO,,20,20,60,120,30,8,20,95,150,3.5,105,0.2,1.5,10,0
13.42,77.53,90.92,39.08,285.34,"Ready (readings started, loop not started)",0,0,0,20,NO,,20,20,60,120,30,8,20,95,150,3.5,105,0.2,1.5,10,0
13.45,71.56,90.92,39.42,287.38,"Ready (readings started, loop not started)",0,0,0,20,NO,,20,20,60,120,30,8,20,95,150,3.5,105,0.2,1.5,10,0
13.49,65.65,90.92,40.7,289.55,"Ready (readings started, loop not started)",0,0,0,20,NO,,20,20,60,120,30,8,20,95,150,3.5,105,0.2,1.5,10,0
13.52,64.47,92.94,41.86,291.47,"Ready (readings started, loop not started)",0,0,0,20,NO,,20,20,60,120,30,8,20,95,150,3.5,105,0.2,1.5,10,0
13.56,64.47,92.94,42.43,294.3,"Ready (readings started, loop not started)",0,0,0,20,NO,,20,20,60,120,30,8,20,95,150,3.5,105,0.2,1.5,10,0
13.6,64.47,94.57,43.19,296.92,"Ready (readings started, loop not started)",0,0,0,20,NO,,20,20,60,120,30,8,20,95,150,3.5,105,0.2,1.5,10,0
13.63,63.42,108.43,43.19,299.1,"Ready (readings started, loop not started)",0,0,0,20,NO,,20,20,60,120,30,8,20,95,150,3.5,105,0.2,1.5,10,0
13.66,61.77,108.43,44.3,301.05,"Ready (readings started, loop not started)",0,0,0,20,NO,,20,20,60,120,30,8,20,95,150,3.5,105,0.2,1.5,10,0
13.69,59.73,122.9,47.4,303.23,"Ready (readings started, loop not started)",0,0,0,20,NO,,20,20,60,120,30,8,20,95,150,3.5,105,0.2,1.5,10,0
13.73,57.9,140.12,50.33,305.92,"Ready (readings started, loop not started)",0,0,0,20,NO,,20,20,60,120,30,8,20,95,150,3.5,105,0.2,1.5,10,0
13.78,57.9,156.32,50.33,311.29,"Ready (readings started, loop not started)",0,0,0,20,NO,,20,20,60,120,30,8,20,95,150,3.5,105,0.2,1.5,10,0
13.84,57.9,157.76,50.33,316.27,"Ready (readings started, loop not started)",0,0,0,20,NO,,20,20,60,120,30,8,20,95,150,3.5,105,0.2,1.5,10,0
13.89,66.44,159.49,50.33,320.39,"Ready (readings started, loop not started)",0,0,0,20,NO,,20,20,60,120,30,8,20,95,150,3.5,105,0.2,1.5,10,0
13.95,83.52,159.49,50.33,323.58,"Ready (readings started, loop not started)",0,0,0,20,NO,,20,20,60,120,30,8,20,95,150,3.5,105,0.2,1.5,10,0
14.0,153.27,198.77,48.81,325.32,"Ready (readings started, loop not started)",0,0,0,20,NO,,20,20,60,120,30,8,20,95,150,3.5,105,0.2,1.5,10,0
14.06,213.54,236.04,47.21,327.32,"Ready (readings started, loop not started)",0,0,0,20,NO,,20,20,60,120,30,8,20,95,150,3.5,105,0.2,1.5,10,0
14.12,213.54,237.92,45.0,327.5,"Ready (readings started, loop not started)",0,0,0,20,NO,,20,20,60,120,30,8,20,95,150,3.5,105,0.2,1.5,10,0
14.16,213.54,239.02,43.07,328.01,"Ready (readings started, loop not started)",0,0,0,20,NO,,20,20,60,120,30,8,20,95,150,3.5,105,0.2,1.5,10,0
14.22,213.54,240.46,41.97,327.33,"Ready (readings started, loop not started)",0,0,0,20,NO,,20,20,60,120,30,8,20,95,150,3.5,105,0.2,1.5,10,0
14.28,213.54,241.57,40.58,326.98,"Ready (readings started, loop not started)",0,0,0,20,NO,,20,20,60,120,30,8,20,95,150,3.5,105,0.2,1.5,10,0
14.32,213.54,240.46,39.07,327.13,"Ready (readings started, loop not started)",0,0,0,20,NO,,20,20,60,120,30,8,20,95,150,3.5,105,0.2,1.5,10,0
14.36,209.92,239.02,37.79,327.31,"Ready (readings started, loop not started)",0,0,0,20,NO,,20,20,60,120,30,8,20,95,150,3.5,105,0.2,1.5,10,0
14.4,206.34,239.02,36.99,327.06,"Ready (readings started, loop not started)",0,0,0,20,NO,,20,20,60,120,30,8,20,95,150,3.5,105,0.2,1.5,10,0
14.44,198.2,237.14,36.41,326.97,"Ready (readings started, loop not started)",0,0,0,20,NO,,20,20,60,120,30,8,20,95,150,3.5,105,0.2,1.5,10,0
14.47,190.04,140.41,36.07,327.51,"Ready (readings started, loop not started)",0,0,0,20,NO,,20,20,60,120,30,8,20,95,150,3.5,105,0.2,1.5,10,0
14.5,187.46,46.85,35.7,328.18,"Ready (readings started, loop not started)",0,0,0,20,NO,,20,20,60,120,30,8,20,95,150,3.5,105,0.2,1.5,10,0
14.54,184.59,46.75,35.44,328.45,"Ready (readings started, loop not started)",0,0,0,20,NO,,20,20,60,120,30,8,20,95,150,3.5,105,0.2,1.5,10,0
14.58,182.2,46.75,35.17,329.4,"Ready (readings started, loop not started)",0,0,0,20,NO,,20,20,60,120,30,8,20,95,150,3.5,105,0.2,1.5,10,0
14.62,182.2,46.75,34.91,329.71,"Ready (readings started, loop not started)",0,0,0,20,NO,,20,20,60,120,30,8,20,95,150,3.5,105,0.2,1.5,10,0
14.66,182.2,46.75,34.65,329.9,"Ready (readings started, loop not started)",0,0,0,20,NO,,20,20,60,120,30,8,20,95,150,3.5,105,0.2,1.5,10,0
14.7,181.53,47.46,33.87,330.19,"Ready (readings started, loop not started)",0,0,0,20,NO,,20,20,60,120,30,8,20,95,150,3.5,105,0.2,1.5,10,0
14.74,180.15,47.75,33.08,330.08,"Ready (readings started, loop not started)",0,0,0,20,NO,,20,20,60,120,30,8,20,95,150,3.5,105,0.2,1.5,10,0
14.78,176.91,47.94,32.82,329.88,"Ready (readings started, loop not started)",0,0,0,20,NO,,20,20,60,120,30,8,20,95,150,3.5,105,0.2,1.5,10,0
14.82,173.46,48.15,32.17,329.8,"Ready (readings started, loop not started)",0,0,0,20,NO,,20,20,60,120,30,8,20,95,150,3.5,105,0.2,1.5,10,0
14.86,170.31,48.86,31.39,329.94,"Ready (readings started, loop not started)",0,0,0,20,NO,,20,20,60,120,30,8,20,95,150,3.5,105,0.2,1.5,10,0
14.9,167.42,49.61,31.26,330.58,"Ready (readings started, loop not started)",0,0,0,20,NO,,20,20,60,120,30,8,20,95,150,3.5,105,0.2,1.5,10,0
14.94,164.68,49.88,31.26,330.9,"Ready (readings started, loop not started)",0,0,0,20,NO,,20,20,60,120,30,8,20,95,150,3.5,105,0.2,1.5,10,0
14.98,162.3,50.67,31.13,331.39,"Ready (readings started, loop not started)",0,0,0,20,NO,,20,20,60,120,30,8,20,95,150,3.5,105,0.2,1.5,10,0
15.02,162.3,53.55,30.61,332.08,"Ready (readings started, loop not started)",0,0,0,20,NO,,20,20,60,120,30,8,20,95,150,3.5,105,0.2,1.5,10,0
15.06,160.73,55.85,30.22,332.64,"Ready (readings started, loop not started)",0,0,0,20,NO,,20,20,60,120,30,8,20,95,150,3.5,105,0.2,1.5,10,0
15.1,159.07,55.85,30.21,332.69,"Ready (readings started, loop not started)",0,0,0,20,NO,,20,20,60,120,30,8,20,95,150,3.5,105,0.2,1.5,10,0
15.13,157.46,53.19,30.21,332.75,"Ready (readings started, loop not started)",0,0,0,20,NO,,20,20,60,120,30,8,20,95,150,3.5,105,0.2,1.5,10,0
15.16,156.07,53.44,30.09,332.81,"Ready (readings started, loop not started)",0,0,0,20,NO,,20,20,60,120,30,8,20,95,150,3.5,105,0.2,1.5,10,0
15.19,154.45,53.44,29.95,332.87,"Ready (readings started, loop not started)",0,0,0,20,NO,,20,20,60,120,30,8,20,95,150,3.5,105,0.2,1.5,10,0
15.22,152.88,53.64,29.82,332.85,"Ready (readings started, loop not started)",0,0,0,20,NO,,20,20,60,120,30,8,20,95,150,3.5,105,0.2,1.5,10,0
15.27,152.88,56.0,29.69,332.77,"Ready (readings started, loop not started)",0,0,0,20,NO,,20,20,60,120,30,8,20,95,150,3.5,105,0.2,1.5,10,0
15.3,152.03,56.0,29.69,332.74,"Ready (readings started, loop not started)",0,0,0,20,NO,,20,20,60,120,30,8,20,95,150,3.5,105,0.2,1.5,10,0
15.34,152.03,53.6,29.69,332.78,"Ready (readings started, loop not started)",0,0,0,20,NO,,20,20,60,120,30,8,20,95,150,3.5,105,0.2,1.5,10,0
15.38,151.58,51.06,29.69,332.76,"Ready (readings started, loop not started)",0,0,0,20,NO,,20,20,60,120,30,8,20,95,150,3.5,105,0.2,1.5,10,0
15.41,151.3,50.89,29.69,332.75,"Ready (readings started, loop not started)",0,0,0,20,NO,,20,20,60,120,30,8,20,95,150,3.5,105,0.2,1.5,10,0
15.45,151.3,51.06,29.81,332.75,"Ready (readings started, loop not started)",0,0,0,20,NO,,20,20,60,120,30,8,20,95,150,3.5,105,0.2,1.5,10,0
15.49,150.9,51.43,29.56,332.74,"Ready (readings started, loop not started)",0,0,0,20,NO,,20,20,60,120,30,8,20,95,150,3.5,105,0.2,1.5,10,0
15.53,150.47,52.53,29.95,332.74,"Ready (readings started, loop not started)",0,0,0,20,NO,,20,20,60,120,30,8,20,95,150,3.5,105,0.2,1.5,10,0
15.57,150.47,52.53,29.95,332.72,"Ready (readings started, loop not started)",0,0,0,20,NO,,20,20,60,120,30,8,20,95,150,3.5,105,0.2,1.5,10,0
15.61,150.25,52.53,29.95,332.72,"Ready (readings started, loop not started)",0,0,0,20,NO,,20,20,60,120,30,8,20,95,150,3.5,105,0.2,1.5,10,0
15.66,150.03,51.26,29.96,332.71,"Ready (readings started, loop not started)",0,0,0,20,NO,,20,20,60,120,30,8,20,95,150,3.5,105,0.2,1.5,10,0
15.69,150.22,51.26,29.96,332.71,"Ready (readings started, loop not started)",0,0,0,20,NO,,20,20,60,120,30,8,20,95,150,3.5,105,0.2,1.5,10,0
15.73,150.0,52.53,29.96,332.7,"Ready (readings started, loop not started)",0,0,0,20,NO,,20,20,60,120,30,8,20,95,150,3.5,105,0.2,1.5,10,0
15.77,150.0,52.53,29.95,332.69,"Ready (readings started, loop not started)",0,0,0,20,NO,,20,20,60,120,30,8,20,95,150,3.5,105,0.2,1.5,10,0
15.8,150.2,52.53,29.95,332.69,"Ready (readings started, loop not started)",0,0,0,20,NO,,20,20,60,120,30,8,20,95,150,3.5,105,0.2,1.5,10,0
15.83,150.03,51.25,29.95,332.69,"Ready (readings started, loop not started)",0,0,0,20,NO,,20,20,60,120,30,8,20,95,150,3.5,105,0.2,1.5,10,0
15.86,150.03,50.88,29.95,332.68,"Ready (readings started, loop not started)",0,0,0,20,NO,,20,20,60,120,30,8,20,95,150,3.5,105,0.2,1.5,10,0
15.89,150.04,50.88,29.95,332.68,"Ready (readings started, loop not started)",0,0,0,20,NO,,20,20,60,120,30,8,20,95,150,3.5,105,0.2,1.5,10,0
15.93,150.04,50.88,29.95,332.68,"Ready (readings started, loop not started)",0,0,0,20,NO,,20,20,60,120,30,8,20,95,150,3.5,105,0.2,1.5,10,0
15.97,150.04,50.88,29.95,332.67,"Ready (readings started, loop not started)",0,0,0,20,NO,,20,20,60,120,30,8,20,95,150,3.5,105,0.2,1.5,10,0
16.0,150.04,50.88,29.95,332.66,"Ready (readings started, loop not started)",0,0,0,20,NO,,20,20,60,120,30,8,20,95,150,3.5,105,0.2,1.5,10,0
16.04,150.0,50.88,29.95,332.65,"Ready (readings started, loop not started)",0,0,0,20,NO,,20,20,60,120,30,8,20,95,150,3.5,105,0.2,1.5,10,0
16.08,150.0,50.88,29.95,332.65,"Ready (readings started, loop not started)",0,0,0,20,NO,,20,20,60,120,30,8,20,95,150,3.5,105,0.2,1.5,10,0
16.13,150.04,50.88,29.95,332.65,"Ready (readings started, loop not started)",0,0,0,20,NO,,20,20,60,120,30,8,20,95,150,3.5,105,0.2,1.5,10,0
16.17,150.01,50.89,29.95,332.66,"Ready (readings started, loop not started)",0,0,0,20,NO,,20,20,60,120,30,8,20,95,150,3.5,105,0.2,1.5,10,0
16.21,149.97,50.89,29.95,332.65,"Ready (readings started, loop not started)",0,0,0,20,NO,,20,20,60,120,30,8,20,95,150,3.5,105,0.2,1.5,10,0
16.25,149.96,50.89,29.95,332.64,"Ready (readings started, loop not started)",0,0,0,20,NO,,20,20,60,120,30,8,20,95,150,3.5,105,0.2,1.5,10,0
16.28,149.96,52.78,29.95,332.64,"Ready (readings started, loop not started)",0,0,0,20,NO,,20,20,60,120,30,8,20,95,150,3.5,105,0.2,1.5,10,0
16.32,149.96,52.78,29.56,332.63,"Ready (readings started, loop not started)",0,0,0,20,NO,,20,20,60,120,30,8,20,95,150,3.5,105,0.2,1.5,10,0
16.37,149.97,52.78,29.17,332.63,"Ready (readings started, loop not started)",0,0,0,20,NO,,20,20,60,120,30,8,20,95,150,3.5,105,0.2,1.5,10,0
16.41,149.97,50.9,29.17,332.62,"Ready (readings started, loop not started)",0,0,0,20,NO,,20,20,60,120,30,8,20,95,150,3.5,105,0.2,1.5,10,0
16.45,149.99,50.9,29.17,332.62,"Ready (readings started, loop not started)",0,0,0,20,NO,,20,20,60,120,30,8,20,95,150,3.5,105,0.2,1.5,10,0
16.48,150.01,50.89,29.17,332.61,"Ready (readings started, loop not started)",0,0,0,20,NO,,20,20,60,120,30,8,20,95,150,3.5,105,0.2,1.5,10,0
16.51,149.99,50.89,29.17,332.6,"Ready (readings started, loop not started)",0,0,0,20,NO,,20,20,60,120,30,8,20,95,150,3.5,105,0.2,1.5,10,0
16.54,150.01,50.89,29.17,332.59,"Ready (readings started, loop not started)",0,0,0,20,NO,,20,20,60,120,30,8,20,95,150,3.5,105,0.2,1.5,10,0
16.57,150.01,50.89,29.17,332.59,"Ready (readings started, loop not started)",0,0,0,20,NO,,20,20,60,120,30,8,20,95,150,3.5,105,0.2,1.5,10,0
16.6,150.01,50.89,29.17,332.59,"Ready (readings started, loop not started)",0,0,0,20,NO,,20,20,60,120,30,8,20,95,150,3.5,105,0.2,1.5,10,0
16.65,150.01,50.89,29.17,332.58,"Ready (readings started, loop not started)",0,0,0,20,NO,,20,20,60,120,30,8,20,95,150,3.5,105,0.2,1.5,10,0
16.69,150.02,50.89,29.17,332.58,"Ready (readings started, loop not started)",0,0,0,20,NO,,20,20,60,120,30,8,20,95,150,3.5,105,0.2,1.5,10,0
16.72,150.0,53.5,29.17,332.57,"Ready (readings started, loop not started)",0,0,0,20,NO,,20,20,60,120,30,8,20,95,150,3.5,105,0.2,1.5,10,0
16.77,150.0,53.5,29.16,332.56,"Ready (readings started, loop not started)",0,0,0,20,NO,,20,20,60,120,30,8,20,95,150,3.5,105,0.2,1.5,10,0
16.81,149.99,50.89,29.17,332.55,"Ready (readings started, loop not started)",0,0,0,20,NO,,20,20,60,120,30,8,20,95,150,3.5,105,0.2,1.5,10,0
16.84,149.99,53.5,29.17,332.54,"Ready (readings started, loop not started)",0,0,0,20,NO,,20,20,60,120,30,8,20,95,150,3.5,105,0.2,1.5,10,0
16.89,149.99,53.5,29.17,332.53,"Ready (readings started, loop not started)",0,0,0,20,NO,,20,20,60,120,30,8,20,95,150,3.5,105,0.2,1.5,10,0
16.93,149.98,53.65,29.16,332.53,"Ready (readings started, loop not started)",0,0,0,20,NO,,20,20,60,120,30,8,20,95,150,3.5,105,0.2,1.5,10,0
16.96,149.99,58.83,29.17,332.52,"Ready (readings started, loop not started)",0,0,0,20,NO,,20,20,60,120,30,8,20,95,150,3.5,105,0.2,1.5,10,0
17.01,149.99,53.65,29.17,332.51,"Ready (readings started, loop not started)",0,0,0,20,NO,,20,20,60,120,30,8,20,95,150,3.5,105,0.2,1.5,10,0
17.04,149.98,51.05,29.17,332.5,"Ready (readings started, loop not started)",0,0,0,20,NO,,20,20,60,120,30,8,20,95,150,3.5,105,0.2,1.5,10,0
17.08,149.98,51.01,29.17,332.49,"Ready (readings started, loop not started)",0,0,0,20,NO,,20,20,60,120,30,8,20,95,150,3.5,105,0.2,1.5,10,0
17.12,149.98,50.89,29.17,332.48,"Ready (readings started, loop not started)",0,0,0,20,NO,,20,20,60,120,30,8,20,95,150,3.5,105,0.2,1.5,10,0
17.15,149.97,50.89,29.17,332.48,"Ready (readings started, loop not started)",0,0,0,20,NO,,20,20,60,120,30,8,20,95,150,3.5,105,0.2,1.5,10,0
17.19,149.97,51.01,29.17,332.47,"Ready (readings started, loop not started)",0,0,0,20,NO,,20,20,60,120,30,8,20,95,150,3.5,105,0.2,1.5,10,0
17.23,149.97,51.01,29.17,332.47,"Ready (readings started, loop not started)",0,0,0,20,NO,,20,20,60,120,30,8,20,95,150,3.5,105,0.2,1.5,10,0
17.27,149.97,51.01,29.18,332.46,"Ready (readings started, loop not started)",0,0,0,20,NO,,20,20,60,120,30,8,20,95,150,3.5,105,0.2,1.5,10,0
17.29,149.97,50.89,29.18,332.45,"Ready (readings started, loop not started)",0,0,0,20,NO,,20,20,60,120,30,8,20,95,150,3.5,105,0.2,1.5,10,0
17.33,149.97,50.89,29.18,332.44,"Ready (readings started, loop not started)",0,0,0,20,NO,,20,20,60,120,30,8,20,95,150,3.5,105,0.2,1.5,10,0
17.36,149.97,50.89,29.56,332.43,"Ready (readings started, loop not started)",0,0,0,20,NO,,20,20,60,120,30,8,20,95,150,3.5,105,0.2,1.5,10,0
17.38,149.97,50.89,29.94,332.43,"Ready (readings started, loop not started)",0,0,0,20,NO,,20,20,60,120,30,8,20,95,150,3.5,105,0.2,1.5,10,0
17.43,149.97,50.89,29.94,332.43,"Ready (readings started, loop not started)",0,0,0,20,NO,,20,20,60,120,30,8,20,95,150,3.5,105,0.2,1.5,10,0
17.47,149.97,50.88,29.95,332.42,"Ready (readings started, loop not started)",0,0,0,20,NO,,20,20,60,120,30,8,20,95,150,3.5,105,0.2,1.5,10,0
17.51,149.97,50.89,29.95,332.41,"Ready (readings started, loop not started)",0,0,0,20,NO,,20,20,60,120,30,8,20,95,150,3.5,105,0.2,1.5,10,0
17.55,149.97,50.88,29.95,332.4,"Ready (readings started, loop not started)",0,0,0,20,NO,,20,20,60,120,30,8,20,95,150,3.5,105,0.2,1.5,10,0
17.59,149.97,50.88,29.95,332.39,"Ready (readings started, loop not started)",0,0,0,20,NO,,20,20,60,120,30,8,20,95,150,3.5,105,0.2,1.5,10,0
17.63,149.97,50.89,29.95,332.39,"Ready (readings started, loop not started)",0,0,0,20,NO,,20,20,60,120,30,8,20,95,150,3.5,105,0.2,1.5,10,0
17.67,149.97,50.89,29.95,332.38,"Ready (readings started, loop not started)",0,0,0,20,NO,,20,20,60,120,30,8,20,95,150,3.5,105,0.2,1.5,10,0
17.71,149.99,50.89,29.95,332.37,"Ready (readings started, loop not started)",0,0,0,20,NO,,20,20,60,120,30,8,20,95,150,3.5,105,0.2,1.5,10,0
17.75,149.99,50.92,29.95,332.36,"Ready (readings started, loop not started)",0,0,0,20,NO,,20,20,60,120,30,8,20,95,150,3.5,105,0.2,1.5,10,0
17.79,149.99,50.92,29.95,332.36,"Ready (readings started, loop not started)",0,0,0,20,NO,,20,20,60,120,30,8,20,95,150,3.5,105,0.2,1.5,10,0
17.83,149.99,50.93,29.95,332.35,"Ready (readings started, loop not started)",0,0,0,20,NO,,20,20,60,120,30,8,20,95,150,3.5,105,0.2,1.5,10,0
17.86,149.99,50.93,29.95,332.35,"Ready (readings started, loop not started)",0,0,0,20,NO,,20,20,60,120,30,8,20,95,150,3.5,105,0.2,1.5,10,0
17.9,150.2,56.32,29.95,332.34,"Ready (readings started, loop not started)",0,0,0,20,NO,,20,20,60,120,30,8,20,95,150,3.5,105,0.2,1.5,10,0
17.94,155.39,63.53,29.95,332.34,"Ready (readings started, loop not started)",0,0,0,20,NO,,20,20,60,120,30,8,20,95,150,3.5,105,0.2,1.5,10,0
17.98,155.39,58.16,29.95,332.34,"Ready (readings started, loop not started)",0,0,0,20,NO,,20,20,60,120,30,8,20,95,150,3.5,105,0.2,1.5,10,0
18.01,155.39,58.16,29.95,332.33,"Ready (readings started, loop not started)",0,0,0,20,NO,,20,20,60,120,30,8,20,95,150,3.5,105,0.2,1.5,10,0
18.04,155.39,50.93,29.95,332.33,"Ready (readings started, loop not started)",0,0,0,20,NO,,20,20,60,120,30,8,20,95,150,3.5,105,0.2,1.5,10,0
18.07,150.22,50.89,29.95,332.32,"Ready (readings started, loop not started)",0,0,0,20,NO,,20,20,60,120,30,8,20,95,150,3.5,105,0.2,1.5,10,0
18.1,150.02,50.89,29.95,332.31,"Ready (readings started, loop not started)",0,0,0,20,NO,,20,20,60,120,30,8,20,95,150,3.5,105,0.2,1.5,10,0
18.14,149.99,50.89,29.95,332.3,"Ready (readings started, loop not started)",0,0,0,20,NO,,20,20,60,120,30,8,20,95,150,3.5,105,0.2,1.5,10,0
18.17,149.99,50.89,29.95,332.3,"Ready (readings started, loop not started)",0,0,0,20,NO,,20,20,60,120,30,8,20,95,150,3.5,105,0.2,1.5,10,0
18.21,149.99,52.62,29.95,332.29,"Ready (readings started, loop not started)",0,0,0,20,NO,,20,20,60,120,30,8,20,95,150,3.5,105,0.2,1.5,10,0
18.26,149.98,52.62,29.95,332.28,"Ready (readings started, loop not started)",0,0,0,20,NO,,20,20,60,120,30,8,20,95,150,3.5,105,0.2,1.5,10,0
18.31,149.98,52.62,29.95,332.27,"Ready (readings started, loop not started)",0,0,0,20,NO,,20,20,60,120,30,8,20,95,150,3.5,105,0.2,1.5,10,0
18.37,149.98,52.62,29.96,332.25,"Ready (readings started, loop not started)",0,0,0,20,NO,,20,20,60,120,30,8,20,95,150,3.5,105,0.2,1.5,10,0
18.4,149.98,61.15,29.95,332.24,"Ready (readings started, loop not started)",0,0,0,20,NO,,20,20,60,120,30,8,20,95,150,3.5,105,0.2,1.5,10,0
18.44,149.98,70.48,29.96,332.23,"Ready (readings started, loop not started)",0,0,0,20,NO,,20,20,60,120,30,8,20,95,150,3.5,105,0.2,1.5,10,0
18.48,149.98,70.48,29.96,332.22,"Ready (readings started, loop not started)",0,0,0,20,NO,,20,20,60,120,30,8,20,95,150,3.5,105,0.2,1.5,10,0
18.52,149.97,70.59,29.96,332.22,"Ready (readings started, loop not started)",0,0,0,20,NO,,20,20,60,120,30,8,20,95,150,3.5,105,0.2,1.5,10,0
18.56,149.97,70.59,29.96,332.21,"Ready (readings started, loop not started)",0,0,0,20,NO,,20,20,60,120,30,8,20,95,150,3.5,105,0.2,1.5,10,0
18.6,149.97,70.59,29.96,332.21,"Ready (readings started, loop not started)",0,0,0,20,NO,,20,20,60,120,30,8,20,95,150,3.5,105,0.2,1.5,10,0
18.64,149.98,60.05,29.96,332.2,"Ready (readings started, loop not started)",0,0,0,20,NO,,20,20,60,120,30,8,20,95,150,3.5,105,0.2,1.5,10,0
18.67,149.98,51.53,29.95,332.19,"Ready (readings started, loop not started)",0,0,0,20,NO,,20,20,60,120,30,8,20,95,150,3.5,105,0.2,1.5,10,0
